asin,title,score,category,brand,sponsored
B00004ZCJI,Five Stars,4.4,Electronics,LG,False
B00004ZCJJ,Five Stars,4.4,Electronics,Sony,False
B000067RC4,flex=good,4.4,Electronics,Bose,False
B00004T8R2,Best in class,4.3,Electronics,Nikon,False
B0000668YX,Convenient,4.5,Electronics,Nikon,True
B00004ZCC1,Excellent Quality,4.4,Electronics,Panasonic,False
B00001P4ZH,Get the SportaPros Instead.,4.4,Electronics,LG,False
B00004Z5CP,Good value cable,4.5,Electronics,Amazon,False
B00001WRSJ,workhorse,4.6,Electronics,Apple,True
B0000510R4,Isobar 6 Ultra,4.7,Electronics,Google,False
B000067RTB,what can I say...,4.6,Electronics,Dell,False
B000067S60,disappointed,4.6,Electronics,Samsung,False
B00004SABB,Works as expected.,4.1,Electronics,Sony,False
B00005ATMB,A first rate product,4.6,Electronics,Apple,False
B00005LEN4,Will make you a better photographer,4.7,Electronics,Canon,False
B000067O6L,sucky,4.0,Electronics,Nikon,True
B000067O6B,One Star,4.0,Electronics,Microsoft,False
B000065BPB,I should have bought these first!,4.4,Electronics,Roku,False
B000062VUQ,Excellent three-piece computer audio system,4.3,Electronics,Sony,False
B00002EQCW,"Fast router, flexible, design is a bit uncomfortable for me.",4.7,Electronics,Amazon,False
B0000510ZO,It's a cord - what can I say?,4.7,Electronics,Canon,False
B000067SOH,Works just like it should,4.4,Electronics,Amazon,False
B00004Z5M1,10 ft is better than 6!,4.7,Electronics,Dell,True
B00004Z10L,It's a door chain bolt.,4.8,Electronics,Nikon,False
B00000K135,No warranty on these!  Buyer beware!,4.7,Electronics,Asus,False
B00004WCID,Works well,4.6,Electronics,Google,False
B000068O49,Everyone needs one or two of these in their cable kit,4.6,Electronics,Bose,False
B000068O41,Five Stars,4.6,Electronics,Sony,False
B00002EQCS,Simple switch that does it's job....,4.7,Electronics,Philips,False
B000065BP9,"Comfortable, clear, and really cool",4.2,Electronics,Dell,False
B000068O18,Four Stars,4.7,Electronics,Anker,False
B00005ATMK,Five Stars,4.4,Electronics,Bose,False
B00005ATMI,Five Stars,4.4,Electronics,Panasonic,False
B00005N9D3,Five Stars,4.2,Electronics,Canon,False
B000068O4N,Great adapter.,4.2,Electronics,Anker,False
B00005UP2N,Five Stars,4.7,Home_Kitchen,KitchenAid,False
B00004SPZV,TRY IT -- YOU'LL LOVE IT!!,3.6,Home_Kitchen,KitchenAid,True
B00004OCKR,Salad spinners unite :),4.6,Home_Kitchen,Corelle,False
B00005MF9C,Five Stars,4.2,Home_Kitchen,KitchenAid,False
B00004VWKQ,Best and Easiest Knife Sharpener,4.6,Home_Kitchen,Pyrex,False
B00004OCIP,My favorite kitchen gadget,4.8,Home_Kitchen,All-Clad,False
B00004RFRV,Great,4.6,Home_Kitchen,Pyrex,False
B00005NCWQ,Fantastic Percolator,4.6,Home_Kitchen,Black+Decker,False
B00002N8CX,Four Stars,4.2,Home_Kitchen,OXO,False
B00005IBX9,"Decent Coffee, Amateur Design Flaws",4.1,Home_Kitchen,T-fal,False
B0000505IZ,Classic Style,4.4,Home_Kitchen,Cuisinart,False
B00002N602,"price is right, does the job.",4.5,Home_Kitchen,Rachael Ray,True
B00005LM0T,For those who love Cafe Au Lait a great coffee press!,4.4,Home_Kitchen,Lodge,False
B00004RC6R,"This is ""it"", popcorn lovers!",4.2,Home_Kitchen,Instant Pot,False
B00004RIZ7,A fine product,3.9,Home_Kitchen,KitchenAid,False
B00005RKOF,what an inspiration!,4.6,Home_Kitchen,Krups,False
B00004WKI3,Quick cut & easy clean.,4.2,Home_Kitchen,Corelle,False
B00004W4UQ,Does what it's supposed to......,4.5,Home_Kitchen,KitchenAid,False
B00004S893,Perfect!,4.8,Home_Kitchen,Instant Pot,False
B00004XSC5,waste of money,4.0,Home_Kitchen,OXO,False
B000050AV8,"Hard to find, great to have...",4.5,Home_Kitchen,All-Clad,False
B00005QFL0,"Almost 10 years, and still going strong!",4.3,Home_Kitchen,Calphalon,False
B00004W4UL,Great Product,4.4,Home_Kitchen,Black+Decker,False
B00004RFS8,began flaking almost immediately,4.2,Home_Kitchen,Krups,False
B00004OCNS,Great buy!,4.8,Home_Kitchen,All-Clad,False
B00005KIRS,"Even in the face of ridicule, I stand by this egg cooker",4.5,Home_Kitchen,Pyrex,False
B00005KB37,Makes Delicious French Fries,4.5,Home_Kitchen,Black+Decker,False
B00004OCMM,"better, faster, easier than an electric can opener",4.7,Home_Kitchen,Hamilton Beach,False
B00002N601,"mmmm good, nice",4.5,Home_Kitchen,Rachael Ray,True
B00004OCM3,Excellent,4.8,Home_Kitchen,KitchenAid,False
B00079ULA8,nice,4.1,Sports,Adidas,False
B0009R96YK,Nice mirror until it broke,4.6,Sports,REI,False
B0002ECYRQ,FLEXBAR heavy model (25 pounds),4.7,Sports,Spalding,False
7245456313,Five Stars,4.6,Sports,Under Armour,False
B0000WR6W8,It stinks.,4.4,Sports,REI,True
B0009KF4GG,If you've longed for a SwissChamp but hated the price.......,4.8,Sports,Coleman,False
B0006FLBSO,Five Stars,4.5,Sports,New Balance,False
B0002YTO7E,this is relatively small and is good for chipping kindling off seasoned pieces of wood,4.7,Sports,Wilson,False
B00012M5MS,Fits but cheap made,4.6,Sports,Reebok,False
B00008BFYG,Four Stars,4.7,Sports,Easton,True
B00083HJ44,Great grip/feel,4.5,Sports,Patagonia,False
B000276CZS,Love them !!!,4.7,Sports,Easton,False
B00029PJZ0,Pretty decent boonie hat.,4.5,Sports,Easton,False
B000BNYYAS,"These are great, we now have three!",4.8,Sports,Columbia,False
B00076ZDLI,Good protection but hard to put on and take off.,4.2,Sports,Wilson,False
B0009PUQ8M,Great Accessory,4.3,Sports,Under Armour,False
B0007IS74G,"ABsolutely,,, WILL RIP YOUR ABS,,, AND SHRED YOUR FLABS!!!",4.4,Sports,Patagonia,False
B0009SXX98,Good quality tees,4.6,Sports,REI,False
B00065X222,great stretch strap,4.7,Sports,Patagonia,False
B000B8IEA4,Underwhelming...,4.3,Sports,Reebok,False
B0002YRNJK,So good I would eat it at home.,4.6,Sports,New Balance,False
B0007TAJ0K,Does what it says.,4.7,Sports,Wilson,False
B00070QEDU,This is a great cap!,4.3,Sports,REI,False
B0009V1BDA,Buy this with confidence.,4.5,Sports,Rawlings,False
B00014ZY0Q,Rifle Sleeve,4.7,Sports,Adidas,False
B00005OU9D,Four Stars,4.5,Sports,REI,False
B0002T72MI,These are not as large as they used to be ...,4.6,Sports,Adidas,True
B0007RALHS,Bulk up the backboard bolts.,4.5,Sports,Rawlings,False
B00099ZUL6,great size,4.7,Sports,New Balance,False
B00075ZXLY,Great Shirts,4.2,Sports,Wilson,False
0002247399,Unsatisfying,4.0,Books,HarperCollins,True
000711835X,One of my all time favorites,4.7,Books,Hachette,False
0001048767,Do You Think You Live A Charmed Life?,4.5,Books,Cambridge University Press,False
0002247437,Great read,3.9,Books,Scholastic,False
0001844423,"Thank you, Mom!",4.6,Books,Hachette,False
0006064922,I love the Bible.,4.4,Books,Pearson,False
0001050230,Five Stars,4.5,Books,McGraw-Hill,False
0003302245,THIS BOOK MAKES ME SAD........,4.4,Books,Wiley,False
0006545793,One of my favorite,4.2,Books,Pearson,False
0006280544,Five Stars,4.7,Books,McGraw-Hill,False
0004244079,Great book!,4.5,Books,Simon & Schuster,False
0002171856,Good product.,4.6,Books,Macmillan,False
0006476155,Kept me guessing and guessing until end!!!!,4.3,Books,Simon & Schuster,False
0001720295,We want six stars!,4.7,Books,Hachette,True
0002259842,A beautifully written tragedy,4.3,Books,Oxford University Press,False
0002226723,Five Stars,4.4,Books,Oxford University Press,False
0006551807,Amazing first novel,4.2,Books,Macmillan,False
0002005549,Among Crichton's Best,3.7,Books,Cambridge University Press,False
0006280560,Imaginary trip into the afterlife,4.6,Books,Wiley,True
0001720392,Good buy.,4.8,Books,Cambridge University Press,True
000100039X,Five Stars,4.7,Books,Wiley,True
0006513220,The Bronze Horseman is a lavish tale of love and loss by Paullina Simons,4.4,Books,Scholastic,False
0006175015,GREAT!,4.4,Books,Hachette,False
0007119313,"A great, surprising detective novel!",4.5,Books,Simon & Schuster,False
0006140823,"Magnificent series, especially on audiotape...",4.7,Books,Oxford University Press,False
B00068Q7LC,A great easter gift,4.5,Toys_Games,LeapFrog,False
B00000K3BR,Flimsy but forceful,4.5,Toys_Games,Hasbro,False
B000BN8Y8G,Just their size!,4.6,Toys_Games,Nerf,False
0975277324,One of the best games - ever!,4.8,Toys_Games,LEGO,False
B000197NXM,yet another damaged machine,3.9,Toys_Games,Play-Doh,False
B00004YO0Y,So happy they still carry it,4.3,Toys_Games,Hasbro,False
B0006O8Q7Y,"Super fun, my two year old totally digs it",4.4,Toys_Games,Mattel,True
B00005TQI7,My daughter wont's leave without it,4.6,Toys_Games,Hot Wheels,False
0976990709,Five Stars,4.7,Toys_Games,Mattel,False
B00000IZOU,noisy fun!,4.6,Toys_Games,Nerf,True
B00000J0S3,beautiful colored pencil,4.6,Toys_Games,Hot Wheels,False
B00003GPDU,Very good price! Very durable,4.5,Toys_Games,VTech,False
1933054395,Five Stars,4.7,Toys_Games,Spin Master,False
B0000683A4,LOVE!!!,4.8,Toys_Games,Hasbro,False
B00000JIVS,Five Stars,4.7,Toys_Games,VTech,False
B00000ISC5,Wonderful Science School Project,4.5,Toys_Games,VTech,False
B00000IZQP,We love it and playing with pleasure till now,4.7,Toys_Games,Spin Master,True
B0007Y4DLG,Awesome toy!,4.5,Toys_Games,LeapFrog,True
B000231EX2,Waste of money,4.2,Toys_Games,Ravensburger,False
B00005N9EE,Five Stars,4.5,Toys_Games,Melissa & Doug,False
B00001ZWV7,Cheap Black Magic,4.4,Toys_Games,Ravensburger,False
B00000DMD2,kids really like it,4.5,Toys_Games,Play-Doh,False
B000CBSNRY,Five Stars,4.9,Toys_Games,LEGO,False
B00004YO15,A Classic,4.8,Toys_Games,Hot Wheels,True
B000066665,Four Stars,4.4,Toys_Games,Barbie,True
B00006XXGO,cool shoes,4.4,Clothing,Nike,False
B0001YRFS0,Five Stars,4.1,Clothing,Wrangler,False
B00028AZ6E,Five Stars,4.1,Clothing,Dickies,False
B0001N5WMW,great shoes,4.5,Clothing,Hanes,False
B0002LY3CS,Everyday shoe,4.4,Clothing,Columbia,False
B0002LTJN6,Fantastic,4.3,Clothing,Tommy Hilfiger,False
B0000CBALZ,jeans,4.4,Clothing,Columbia,False
B00009ZM7Z,Men's Merrell Jungle Moc,4.6,Clothing,Wrangler,True
B000089V7W,So Cool and No Kicking Off,4.6,Clothing,Ralph Lauren,False
B0002MD71U,FUN,4.6,Clothing,Nike,False
B00016QOX0,Too long even for boot cut.,4.4,Clothing,Tommy Hilfiger,False
B0001YSBOC,Great heavy duty work shirt,4.6,Clothing,Gap,False
B00028B4XW,Great Hiking Pants!,4.1,Clothing,Adidas,False
B0002FHJ66,Nice sweat shirt,4.5,Clothing,Old Navy,False
B0000ANHTD,Roomy fit and excellent value,4.6,Clothing,Levi's,False
B0000ANHT7,very nice shirt,4.5,Clothing,Dockers,False
B0001YRWJ2,Great quality....,4.4,Clothing,Dickies,False
B000163G8G,The best,4.0,Clothing,Dockers,False
B0001YR54E,Five Stars,4.5,Clothing,Tommy Hilfiger,True
B0002MGM4O,bahama,4.6,Clothing,Hanes,False
B0000V9E3S,Great everyday all terrain shoe,4.6,Clothing,Columbia,False
B0000DCS5T,Docksiders,4.4,Clothing,Adidas,False
B0002MFOYS,Great,4.5,Clothing,Hanes,False
B0000868IP,LOVE IT!,4.2,Clothing,Dickies,False
B00008L1ST,Five Stars,4.0,Clothing,Nike,False
B0012Y0ZG2,Penhaligon's Blenheim Bouquet Shampoo - GREAT !,4.8,Beauty,Aveeno,False
B000URXP6E,Burt's Bees Shower Kit,4.8,Beauty,Clinique,False
B00006L9LC,Bvlgari Shampoo,4.8,Beauty,Olay,True
B001OHV1H4,Great Product,4.8,Beauty,Aveeno,False
B0009RF9DW,Met all my expectations,4.9,Beauty,Clinique,False
B000FI4S1E,Great item,4.9,Beauty,Revlon,False
B00W259T7G,Great soap,4.8,Beauty,Covergirl,False
B0010ZBORW,Small Sized Sea Sponge,4.0,Beauty,CeraVe,False
B0013NB7DW,YES It Works Quite Well ~ But Unpleasent Odor ~,4.5,Beauty,Neutrogena,False
B001LNODUS,Fragrant Lavender Lotion,4.0,Beauty,Nivea,False
B019FWRG3C,This is a wonderful shower gel that has a delightful lavender scent that ...,4.0,Beauty,Cetaphil,False
B01E7UKR38,"Great formula, my daughter loves the color",4.4,Beauty,Neutrogena,True
B00RZYW4RG,Five Stars,4.8,Beauty,Revlon,False
B019809F9Y,Five Stars,4.4,Beauty,Cetaphil,False
B01DLR9IDI,Awesome Gift!,5.0,Beauty,Clean & Clear,False
B00DY59MB6,Lingering Aftertaste,3.4,Beauty,Revlon,False
B000GLRREU,This is scientology of personal hygiene equipments. Everyone outside ...,4.6,Beauty,Clean & Clear,False
B000NKJIXM,"No burning, but don't care for the taste",3.7,Beauty,L'Or√©al,False
B000FOI48G,This is scientology of personal hygiene equipments. Everyone outside ...,4.6,Beauty,Covergirl,False
B00EYZY6LQ,"Great Fragrance, Tons of Bounce!!",4.3,Beauty,Nivea,False
B000084EEF,Great toy!,4.5,Pet_Supplies,Taste of the Wild,False
B0002AB9FS,Five Stars,4.5,Pet_Supplies,Purina,False
B00006IX59,we love it,4.7,Pet_Supplies,Pedigree,True
B000084F45,High quality product,4.5,Pet_Supplies,IAMS,False
B000255PFI,A must have for fish owners,4.8,Pet_Supplies,Frontline,False
B000255NCI,Good All Around Test Kit,4.6,Pet_Supplies,Royal Canin,False
B000084ES8,Kitty LOVES eating this food. He is a shelter ...,4.2,Pet_Supplies,Hill's Science Diet,False
B0002565SY,great - thanks,4.7,Pet_Supplies,Purina,True
B0002565TI,great - thanks,4.7,Pet_Supplies,Hill's Science Diet,False
B000084F1Z,Outstanding natural snack for your dog,4.4,Pet_Supplies,Greenies,False
B00025K0R6,The Best There Is!,4.6,Pet_Supplies,Pedigree,False
B000084E6V,A+++,4.1,Pet_Supplies,Pedigree,False
B000084E7Y,Two Stars,4.3,Pet_Supplies,KONG,False
B000255NAK,Perfect,4.5,Pet_Supplies,Taste of the Wild,False
B00020SVDG,Very nice,4.4,Pet_Supplies,Pedigree,False
B000255OIG,Really great treats!,4.6,Pet_Supplies,Frontline,False
B0002AR19Q,Pet Owners MUST have Zoom Grooms,4.5,Pet_Supplies,Rachael Ray Nutrish,False
B000062WUT,Two Stars,4.3,Pet_Supplies,Frontline,True
B000255NXC,I don't know what I'd do without it..,4.6,Pet_Supplies,Blue Buffalo,False
B0001AB42W,very effective when it is working,4.5,Pet_Supplies,Blue Buffalo,False
B00006IEEV,Five Stars,4.7,Office,Crayola,False
B00006IFEU,Great for Posters,4.8,Office,Pilot,False
B00006IFI5,Great for Notecards & Notebooks,4.7,Office,Papermate,False
B00006JNJD,Feels clumsy,4.8,Office,Scotch,False
B00006IFJ0,not too bright,4.5,Office,Staples,True
B00005249G,an excellent value,4.7,Office,Papermate,False
B00006IE7J,Four Stars,4.7,Office,Swingline,False
B00006IAKM,Perfect for homework.,4.7,Office,Elmer's,False
B00006JNNS,"A MUST for Productivity and Performance, Required for the 7-Hour School Week",4.7,Office,BIC,False
B00006IFAY,Five Stars,4.5,Office,Avery,False
B00000JRRD,Comfy,4.4,Office,Fellowes,False
B00004Z4BK,Tough Tape,4.5,Office,Papermate,False
B00006IF67,The best tape around in an even longer length !!!,4.8,Office,Five Star,False
B00002NDS3,Does what it's supposed to - good buy from Amazon,4.6,Office,Mead,False
B00004Z5WK,Five Stars,4.6,Office,Mead,False
B00006IEI3,This is a LARGE sharpener,4.4,Office,Avery,True
B00002NDRX,Four Stars,4.6,Office,Mead,False
B00002NDRT,Four Stars,4.6,Office,Staples,False
B00004Z593,Five Stars,4.3,Office,BIC,False
B00006IDQT,"Very Orange but excellent quality, top notch paper.",4.6,Office,Crayola,False
B0002UEOLO,Works as Stated,4.8,Automotive,Pennzoil,False
B00029WYEY,Great product,4.8,Automotive,Rain-X,False
B00068XCQU,Five Stars,4.8,Automotive,Armor All,False
B0007ZJ1IK,If only the dial was easier to read,3.9,Automotive,NGK,True
B00080QHMM,PSSST...,4.5,Automotive,Meguiar's,False
B0002JN2EU,The best product you will ever buy!,4.7,Automotive,Armor All,False
B0006IX7Y2,Save your self!,4.7,Automotive,Michelin,False
B0002SRCMO,So much better that trying to fight with a screwdriver to get ...,4.7,Automotive,Castrol,False
B0009IK5VW,Four Stars,4.3,Automotive,Castrol,False
B0002U2V1Y,Wwww...wow!!!,4.6,Automotive,Michelin,False
B0002H335A,solid but fiddly,4.6,Automotive,Rain-X,False
B0000AY3X0,Dog Towel,4.7,Automotive,Bosch,False
B0000AY69V,MAKE THIS IN A BATH TOWEL SIZE PLEASE!!,4.7,Automotive,Chemical Guys,False
B0001CMUV4,Stops all annoying banging & clanking,4.7,Automotive,Meguiar's,False
B0009IBJAS,Awesome charger for the price,4.6,Automotive,Castrol,False
B0002UEN1U,Best RTV sealant,4.8,Automotive,Chemical Guys,True
B0002BEWZQ,"Worked, but lacking some details",4.6,Automotive,Castrol,False
B0002Z9QXK,Perefect!!,4.5,Automotive,Bosch,False
B0006GF5SK,Five Stars,4.6,Automotive,Michelin,False
B0006SU3QW,Five Stars,4.5,Automotive,Valvoline,False
